hi,[хай],привет
hello,[хэлОу],здравствуйте
sorry,[сOри],извините
please,[пли:з],пожалуйста
thank you,[сэнк ю],спасибо
you are welcome,[ю: а уЭлкэм],"пожалуйста, не за что"
what a pity,[уот э пИти],как жаль
bye,[бAй],до свидания
people,[пи:пл],люди
man,[мэн],мужчина
men,[мен],мужчины
woman,[уУмэн],женщина
women,[уИмин],женщины
child,[чайлд],ребенок
children,[чИлдрэн],дети
boy,[бой],мальчик
girl,[гё:рл],девочка
guy,[гай],парень
friend,[фрэнд],друг
acquaintance,[экуЭйнтэнс],знакомый; знакомство
neighbor,[нЭйбэр],сосед
guest,[гэст],гость
chief,[чи:ф],начальник; шеф
boss,[бос],босс
competitor,[кэмпЭтитэр],соперник
client,[клАйэнт],клиент
colleague,[кОли:г],коллега
family,[фЭмили],семья
parents,[пЭэрэнтс],родители
father,[фА:зэр],отец
dad,[дЭд],папа
mother,[мАзэр],мать
mum,[мам],мама
husband,[хАзбэнд],муж
wife,[уАйф],жена
son,[сан],сын
daughter,[дО:тэр],дочь
brother,[брАзэр],брат
sister,[сИстэр],сестра
grandfather,[грЭнфА:зэр],"дедушка, бабушка"
father-in-law,[фА:зэр ин лО:],"тесть, свекор ..."
uncle,[анкл],дядя
aunt,[а:нт],тетя
cousin,[казн],"двоюродный брат или сестра"
nephew,[нЭфъю:],племянник
niece,[ни:с],племянница
job,[джоб],работа
teacher,[тИ:чэр],учитель
driver,[дрАйвэр],водитель
worker,[уО:ркэр],рабочий
engineer,[энджинИ:эр],инженер
doctor,[дОктэр],врач
lawyer,[лО:ер],"адвокат, юрист"
journalist,[джЁ:рнэлист],журналист
nurse,[нё:рс],медсестра
waiter,[уЭйтэр],официант
accountant,[экАунтэнт],бухгалтер
artist,[А:ртист],художник
musician,[мъю:зИшн],музыкант
actor,[Эктэр],актер
student,[стъЮдэнт],студент
pupil,[пъюпл],ученик
animal,[Энимэл],животное
cat,[кэт],кошка
dog,[дог],собака
bird,[бё:рд],птица
squirrel,[скуИрэл],белка
wolf,[уулф],волк
goose,[гу:с],гусь
geese,[ги:с],гуси
giraffe,[джирА:ф],жираф
rabbit,[рЭбит],кролик; заяц
cow,[кАу],корова
rat,[рЭт],крыса
fox,[фокс],лиса
horse,[хо:рс],лошадь
frog,[фрог],лягушка
bear,[бЭэр],медведь
mouse,[мАус],мышь
mice,[майс],мыши
monkey,[мАнки],обезьяна
pig,[пиг],свинья
elephant,[Элэфэнт],слон
duck,[дак],утка
country,[кантри],страна; сельская местность
Russia,[рАшэ],Россия
England,[Инглэнд],Англия
city,[сИти],город
house,[хАус],дом (здание)
home,[хОум],дом (место проживания)
building,[бИлдинг],здание; строительство
place,[плэйс],место; помещать
entrance,[Энтрэнс],вход
exit,[Эгзит],выход
center,[сЭнтэр],центр
yard,[я:рд],двор
roof,[ру:ф],крыша
fence,[фэнс],забор
land,[лэнд],"земля, участок"
village,[вИлидж],деревня
school,[ску:л],школа
university,[юнивЁ:рсити],университет
theater,[сИ:этэр],театр
church,[чё:рч],церковь
restaurant,[рЭстронт],ресторан
cafe,[кЭфэй],кафе
hotel,[хоутЭл],гостиница
bank,[бэнк],банк
cinema,[сИнэмэ],кинотеатр
hospital,[хОспитл],больница
police,[пОлис],полиция
post office,[пОуст Офис],почта
station,[стэйшн],станция
airport,[Ээпо:рт],аэропорт
shop,[шоп],магазин
pharmacy,[фА:рмаси],аптека
market,[мА:ркит],рынок
office,[Офис],офис
company,[кОмпэни],компания
factory,[фЭктэри],"завод, фабрика"
square,[скуЭэр],площадь
street,[стри:т],улица
road,[рОуд],дорога
crossroads,[крОсроудз],перекрёсток
stop,[стоп],остановка; останавливаться
sidewalk,[сАйдуо:к],тротуар
path,[па:с],тропинка
garden,[га:рдн],сад
park,[па:рк],парк
bridge,[бридж],мост
river,[рИвэр],река
forest,[фОрист],лес
field,[фи:лд],поле
mountain,[мАунтин],гора
lake,[лэйк],озеро
sea,[си:],море
ocean,[Оушн],океан
coast,[кОуст],побережье
beach,[би:ч],пляж
sand,[сэнд],песок
island,[Айлэнд],остров
border,[бО:рдэр],граница
customs,[кАстэмз],таможня
garbage,[гА:рбидж],мусор
waste,[уэйст],отходы
stone,[стОун],камень
plant,[плА:нт],"растение, сажать"
tree,[три:],дерево
grass,[гра:с],трава
flower,[флАуэр],цветок
leaf,[ли:ф],лист (дерева)
flat,[флэт],квартира
room,[рум],комната
living room,[лИвинг рум],зал
bedroom,[бЭдрум],спальня
bathroom,[бА:срум],ванная
shower,[шАуэр],душ
toilet,[тОйлит],туалет
kitchen,[кИтчин],кухня
hall,[хо:л],коридор
balcony,[бЭлкони],балкон
floor,[фло:р],пол; этаж
ceiling,[сИ:линг],потолок
wall,[уО:л],стена
stairs,[стЭэрз],"ступеньки, лестница"
door,[до:р],дверь
window,[уИндоу],окно
windowsill,[уИндоусил],подоконник
curtain,[кЁртэн],"занавеска, штора"
switch,[cуИч],переключать
socket,[сОкит],розетка
faucet,[фО:сит],кран (водопроводный)
pipe,[пайп],труба
chimney,[чИмни],дымовая труба
furniture,[фЁ:ничэ],мебель
table,[тэйбл],стол
chair,[чЭэр],стул
armchair,[А:рмчээр],кресло
sofa,[сОуфа],диван
bed,[бэд],кровать
wardrobe,[уО:дроуб],(платяной) шкаф
cabinet,[кЭбинэт],шкафчик
shelf,[шэлф],полка
mirror,[мИрор],зеркало
carpet,[кА:рпит],ковер
fridge,[фридж],холодильник
microwave,[мАйкроууэйв],микроволновка
oven,[Авэн],"печь, духовка"
stove,[стОув],кухонная плита
food,[фу:д],еда
bread,[брэд],хлеб
butter,[бАтэр],масло
oil,[ойл],растительное масло; нефть
cheese,[чи:з],сыр
sausage,[сОсидж],сосиска
ham,[хэм],ветчина
meat,[ми:т],мясо
beef,[би:ф],говядина
pork,[по:рк],свинина
lamb,[лэм],баранина
chicken,[чИкин],цыпленок; курица
cutlet,[кАтлит],котлета
fish,[фиш],рыба; рыбачить
egg,[эг],яйцо
salad,[сЭлэд],салат
mushroom,[мАшрум],гриб
corn,[ко:рн],кукуруза; зерно
porridge,[пОридж],каша
oatmeal,[Оутми:л],овсянка
soup,[су:п],суп
sandwich,[сЭндуич],бутерброд
rice,[райс],рис
noodles,[ну:длз],лапша
flour,[флАуэр],мука
spice,[спайс],"специя, пряность"
pepper,[пЭпэр],перец; поперчить
salt,[со:лт],соль; посолить
onion,[Аниэн],лук
garlic,[гА:рлик],чеснок
sauce,[сО:с],соус
vegetables,[вЭджитэблз],овощи
potatoes,[потЭйтоуз],картофель
carrot,[кЭрэт],морковь
beet,[би:т],свекла
tomato,[томA:тоу],помидор
cucumber,[къЮкамбэр],огурец
cabbage,[кЭбидж],капуста
squash,[скуОш],кабачок
eggplant,[Эгпла:нт],баклажан
beans,[би:нз],бобы
pea,[пи:],горох
nut,[нат],орех
fruit,[фру:т],фрукты
apple,[эпл],яблоко
pear,[пЭэр],груша
banana,[бэнЭнэ],банан
berry,[бЭри],ягода
strawberry,[стрО:бэри],"клубника, земляника"
raspberry,[рА:збэри],малина
cherry,[чЭри],вишня
plum,[плам],слива
grape,[грэйп],виноград
apricot,[Эйприкот],абрикос
peach,[пи:ч],персик
melon,[мЭлон],дыня
watermelon,[уOтэрмэлэн],арбуз
pumpkin,[пАмпкин],тыква
orange,[Oриндж],апельсин; оранжевый
mandarin,[мЭндэрин],мандарин
lemon,[лЭмон],лимон
pineapple,[пАйнэпл],ананас
sugar,[шУгэ],сахар
honey,[хАни],мёд
jam,[джэм],варенье
cake,[кэйк],торт
bun,[бан],булочка
cookie,[кУки],печенье
pie,[пай],пирог
sweet,[суи:т],конфета; сладкий
ice-cream,[Aйскри:м],мороженое
chocolate,[чOклит],шоколад
water,[уотэр],вода; поливать
soda,[сOуда],газировка
juice,[джу:с],сок
wine,[уайн],вино
tea,[ти:],чай
coffee,[кOфи],кофе
milk,[милк],молоко
cream,[кри:м],крем
yogurt,[йОгэт],йогурт
curd,[кЁ:рд],творог
dish,[диш],блюдо
dishes,[дИшиз],посуда
cup,[кап],чашка
glass,[гла:с],стакан; стекло
mug,[маг],кружка
plate,[плэйт],тарелка
spoon,[спу:н],ложка
fork,[фо:рк],вилка
knife,[найф],нож
saucer,[сO:сэр],блюдце
bottle,[ботл],бутылка
napkin,[нЭпкин],салфетка
pan,[пэн],кастрюля
frying pan,[фрАйинг пэн],сковородка
kettle,[кэтл],чайник; котел
meal,[ми:л],"еда, принятие пищи"
breakfast,[брЭкфэст],завтрак
lunch,[ланч],обед
dinner,[дИнэр],ужин
transport,[трЭнспо:рт],"транспорт, транспортировать"
plane,[плэйн],самолет
car,[ка:р],автомобиль
tram,[трэм],трамвай
bus,[бас],автобус
train,[трэйн],поезд
ship,[шип],корабль
bicycle,[бAйсикл],велосипед
time,[тайм],время; раз
minute,[мИнит],минута
hour,[Aуэр],час
week,[уи:к],неделя
year,[йИэр],год
century,[сЭнчэри],столетие
the day before yesterday,[зэ дэй бифО:р йЭстэдэй],позавчера
yesterday,[йЭстэдэй],вчера
today,[тудЭй],сегодня (днем)
tonight,[тунАйт],сегодня вечером (ночью)
tomorrow,[томОроу],завтра
the day after tomorrow,[зэ дэй А:фтэр томОроу],послезавтра
day,[дэй],день
morning,[мо:рнинг],утро
afternoon,[а:фтэрнУ:н],день (после полудня)
evening,[И:внинг],вечер
night,[найт],ночь
Monday,[мAндэй],понедельник
Tuesday,[тъЮ:здэй],вторник
Wednesday,[уЭнздэй],среда
Thursday,[сё:рздэй],четверг
Friday,[фрAйдэй],пятница
Saturday,[сЭтэрдэй],суббота
Sunday,[сAндэй],воскресенье
month,[манс],месяц
January,[джЭнъюэри],январь
February,[фЭбруэри],февраль
March,[ма:рч],март
April,[Эйприл],апрель
May,[мэй],май
June,[джу:н],июнь
July,[джулAй],июль
August,[O:гэст],август
September,[сэптЭмбэр],сентябрь
October,[октOубэр],октябрь
November,[ноувЭмбэр],ноябрь
December,[дисЭмбэр],декабрь
season,[сИ:зэн],сезон
spring,[спринг],весна
summer,[сAмэр],лето
autumn,[O:тэм],осень
winter,[уИнтэр],зима
holiday,[хOлидэй],праздник; отпуск
Christmas,[крИсмэс],Рождество
Easter,[И:стэр],Пасха
birthday,[бё:рсдэй],день рождения
form,[фо:рм],"анкета, форма, бланк"
name,[нэйм],"имя, фамилия"
first name,[фё:рст нэйм],имя
surname,[сЁ:нэйм],фамилия
maiden name,[мЭйдэн нэйм],девичья фамилия
birth date,[бё:рс дэйт],дата рождения
place of birth,[плэйс ов бё:рс],место рождения
address,[эдрЭс],адрес
marital status,[мЭритэл стЭйтэс],семейное положение
single,[сингл],"холостой, незамужняя; один(окий)"
married,[мЭрид],женатый/замужняя
divorced,[дивО:рст],разведенный
widowed,[уидоуд],овдовевший
thing,[синг],вещь
pen,[пэн],ручка
pencil,[пЭнсил],карандаш
book,[бук],книга
copybook,[кОпибук],тетрадь
notebook,[нОутбук],блокнот
note,[нОут],записка
dictionary,[дИкшэнэри],словарь
letter,[лЭтэр],письмо; буква
envelope,[Энвилоуп],конверт
paper,[пЭйпэр],бумага
newspaper,[нъЮ:зпэйпер],газета
magazine,[мэгэзИ:н],журнал
phone,[фОун],телефон
clock,[клок],часы
comb,[коум],расчёска; расчесывать
TV,[тИви],телевизор
iron,[Aйрон],утюг; железо; гладить (утюгом)
soap,[сOуп],мыло; намыливать
radio,[рЭйдиоу],радио
bag,[бэг],сумка
backpack,[бЭкпэк],рюкзак
map,[мэп],карта (географическая)
card,[ка:рд],открытка; карточка
suitcase,[сУткэйс],чемодан
present,[прэзнт],подарок
camera,[кЭмэрэ],фотоаппарат; видеокамера
vase,[ва:з],ваза
handkerchief,[хЭнкёчиф],носовой платок
ball,[бо:л],мяч
balloon,[бэлу:н],воздушный шар
toy,[той],игрушка
ticket,[тикит],билет
luggage,[лAгидж],багаж
battery,[бЭтэри],батарейка
bucket,[бAкит],ведро
rope,[рOуп],веревка
board,[бо:рд],доска; борт
calendar,[кЭлиндэр],календарь
laptop,[лЭптоп],ноутбук
brush,[браш],"щетка; кисточка; чистить щеткой"
keyboard,[кИ:бо:рд],клавиатура
key,[ки:],ключ; клавиша
wheel,[уИ:л],колесо
steering wheel,[стИринг уИ:л],руль
trunk,[транк],багажник; ствол; хобот
gas,[гЭс],бензин
purse,[пё:рс],дамская сумка; кошелек
wallet,[уОлит],бумажник
lamp,[лЭмп],лампа
ruler,[рУ:лэр],линейка; правитель
shovel,[шАвэл],лопата; рыть
machine,[мэшИ:н],машина; механизм
hammer,[хЭмэр],молоток; бить молотком
scissors,[сИзэрз],ножницы
glasses,[глА:сиз],очки
package,[пЭкидж],посылка; упаковка
stick,[стик],палка; втыкать
glue,[глу:],клей; приклеивать
gift,[гифт],подарок; дар
towel,[тАуэл],полотенце
mail,[мэйл],почта; отправлять по почте
wire,[уАйэр],проволока; провод
page,[пэйдж],страница
torch,[то:рч],карманный фонарь; факел
box,[бокс],"коробка, ящик; боксировать"
blanket,[блЭнкит],одеяло
sheet,[ши:т],простыня; лист(ок)
pillow,[пИлоу],подушка
clothes,[клОуз],одежда
shoes,[шу:з],обувь
boot,[бу:т],ботинок; сапог
sneakers,[снИ:кэрз],кроссовки
coat,[коут],пальто
dress,[дрэс],платье; одевать(ся)
suit,[съют],"костюм; иск; соответствовать"
shirt,[шё:рт],рубашка
blouse,[блАуз],блузка
skirt,[скё:рт],юбка
glove,[глав],перчатка
mitten,[мИтэн],варежка
hat,[хэт],шляпа
cap,[кэп],шапка; кепка
jacket,[джЭкит],пиджак; куртка
cardigan,[кА:рдигэн],кофта
scarf,[ска:рф],шарф
sock,[сок],носок
sweater,[суэтэр],свитер
T-shirt,[тИ:шё:рт],футболка
tie,[тай],галстук; привязывать
trousers,[трAузэрз],"брюки, штаны"
shorts,[шо:ртс],шорты
tights,[тайтс],колготки
stockings,[стОкингз],чулки
jeans,[джи:нз],джинсы
hood,[худ],капюшон; капот
belt,[бэлт],"ремень, пояс"
underwear,[Андэуээ],нижнее белье
briefs,[бри:фс],трусы мужские
panties,[пЭнтиз],трусы женские
bra,[бра:],бюстгальтер
body,[бОди],тело
head,[хед],"голова; руководитель"
face,[фэйс],лицо
forehead,[фО:рхед],лоб
nose,[нОуз],нос
ear,[Иэр],ухо; колос
mouth,[мАус],рот
throat,[срОут],горло
eye,[ай],глаз
eyebrow,[Aйбрау],бровь
lips,[липс],губы
tooth,[ту:с],зуб
teeth,[ти:с],зубы
hair,[хЭэр],волосы
mustache,[мэстА:ш],усы
cheek,[чи:к],"щека; наглость, нахальство"
chin,[чин],подбородок
neck,[нек],шея
shoulder,[шОулдэр],плечо
chest,[чест],грудь
heart,[ха:рт],сердце
stomach,[стАмэк],желудок; живот
back,[бЭк],спина; назад
wrist,[рист],запястье
hand,[хЭнд],"рука, кисть (руки)"
finger,[фИнгэр],палец (руки)
nail,[нэйл],ноготь; гвоздь; прибивать
elbow,[Элбоу],локоть
leg,[лэг],нога; ножка
knee,[ни:],колено
foot,[фут],"нога, ступня"
feet,[фи:т],ноги
heel,[хи:л],пятка; каблук
toe,[тОу],палец (ноги)
beard,[бИэрд],борода
bone,[бОун],кость
health,[хэлс],здоровье
healthy,[хЭлси],здоровый
sick,[сик],больной
sickness,[сИкнис],болезнь
fever,[фИ:вэр],"жар, (высокая) температура"
cough,[коф],кашель; кашлять
running nose,[рАнинг нОуз],насморк
sneeze,[сни:з],чихать
pain,[пэйн],боль
headache,[хЕдэйк],головная боль
flu,[флу:],грипп
bruise,[бру:з],"синяк, ушиб"
event,[ивЭнт],событие
birth,[бё:рс],рождение
game,[гейм],игра
lesson,[лэсн],урок
vacation,[вэйкЭйшэн],"отпуск, каникулы"
party,[пА:рти],вечеринка
meeting,[мИ:тинг],встреча
wedding,[уЭдинг],свадьба
negotiation,[нигоушиЭйшэн],переговоры
trip,[трип],"поездка, путешествие"
death,[дэс],смерть
weather,[уЭзэр],погода
sun,[сан],солнце
moon,[му:н],луна
wind,[уинд],ветер
fog,[фог],туман
rain,[рэйн],дождь
snow,[снOу],снег
sky,[скай],небо
cloud,[клАуд],облако
air,[Ээр],воздух
temperature,[тЭмпрэчэ],температура
degree,[дигрИ:],градус
art,[а:рт],искусство
music,[мъЮзик],музыка
song,[сонг],песня
literature,[лИтрэчэ],литература
story,[стОри],рассказ
movie,[мУви],кино
film,[филм],фильм
sculpture,[скАлпчэ],скульптура
picture,[пИкчэр],картина
photo,[фОутоу],фото
advertising,[эдвэртАйзинг],реклама
purchase,[пЁ:рчэс],"покупка, покупать"
size,[сайз],размер
price,[прайc],цена
money,[мAни],деньги
cash,[кэш],наличные (деньги)
discount,[дискАунт],скидка
account,[экАунт],счет (банковский)
bill,[бил],счёт
tip,[тип],чаевые; кончик
measure,[мЭжэ],измерение; измерять
distance,[дИстэнс],дистанция
length,[лэнгс],длина
height,[хайт],высота
depth,[дэпс],глубина
strength,[стрэнгс],сила; прочность
speed,[спи:д],скорость
kilometer,[кИлэми:тэр],километр
kilogram,[кИлэгрэм],килограмм
pound,[пАунд],фунт
feeling,[фИ:линг],чувство
fun,[фан],веселье
joy,[джой],радость
fear,[фИэр],страх; бояться
sadness,[сЭднис],печаль
passion,[пэшн],страсть
pleasure,[плЭжэ],удовольствие
happiness,[хЭпинис],счастье
peace,[пи:с],мир (покой)
love,[лав],любовь; любить
hate,[хэйт],ненависть; ненавидеть
world,[уО:рлд],мир (планета)
soul,[сОул],душа
life,[лайф],жизнь
knowledge,[нОлидж],знание
task,[та:ск],задание
exercise,[Эксэрсайз],упражнение
luck,[лак],удача
problem,[прOблем],проблема
opportunity,[опэртъЮ:нэти],(благоприятная) возможность
ability,[эбИлэти],способность
beauty,[бъЮ:ти],красота; красавица
danger,[дЭйнджэр],опасность
experience,[икспИэриэнс],"опыт, переживание"
memory,[мЭмэри],память; воспоминание
benefit,[бЭнэфит],"польза, выгода"
advantage,[эдвЭнтидж],преимущество
profit,[прОфит],"прибыль, доход"
habit,[хЭбит],привычка
reason,[рИ:зэн],причина; размышлять
consequence,[кОнсэкуэнс],(по)следствие
meaning,[мИ:нинг],"значение, смысл"
means,[мИ:нз],способ
effort,[Эфэрт],усилие
success,[саксЭс],успех; успешный человек
goal,[гОул],цель; гол
miracle,[мИрэкл],чудо
science,[сАйэнс],наука
language,[лЭнгуидж],язык
word,[уо:рд],слово
fire,[фАйэр],огонь; пожар; стрелять
case,[кейс],случай; дело; чехол
circumstance,[сЁ:ркэмстэнс],обстоятельство
thought,[cо:т],мысль
choice,[чойс],выбор
permit,[пёрмИт],разрешение; разрешать
delivery,[дилИвэри],доставка; поставка
achievement,[эчИвмент],достижение
duty,[дъЮ:ти],обязанность; дежурный
delay,[дилЭй],"задержка, отсрочка"
relationship,[рилЭйшэншип],отношение
mark,[ма:рк],"оценка, знак; отметить"
mistake,[мистЭйк],ошибка
behavior,[бихЭйвъэр],поведение
invitation,[инвитЭйшн],приглашение
development,[дивЭлэпмэнт],развитие
decision,[дисИ:жн],"решение, принятие решения"
solution,[сэлЮ:шн],решение; раствор
advice,[эдвАйс],совет
agreement,[эгрИ:мэнт],соглашение; договор
list,[лист],список; перечислять
argument,[А:ргъюмэнт],спор; аргумент
test,[тэст],"тест, тестировать"
step,[стэп],шаг; ступать
piece,[пи:с],кусок; часть; пьеса
area,[Ээриэ],"область, район; площадь (фигуры)"
pair,[пЭэр],пара
couple,[капл],пара; чета
surface,[сЁ:рфис],поверхность; всплывать
mess,[мэс],беспорядок
question,[куЭсчэн],вопрос
what,[уот],что; какой
who,[ху:],кто
where,[уЭэ],где; куда
how,[хАу],как
why,[уай],"почему, зачем"
when,[уэн],когда
how many,[хАу мЭни],сколько (+ слово во множественном числе)
how much,[хАу мач],сколько (+ слово в единственном числе)
I,[ай],я
you,[ю:],ты; вы
he,[хи:],он
she,[ши:],она
it,[ит],оно
we,[уи:],мы
they,[зэй],они
my,[май],мой
your,[ё:],твой; ваш
his,[хиз],его
her,[хё:],её
its,[итс],его (неодуш.)
our,[Aуэ],наш
their,[зЭэ],их
from,[фром],из
to,[ту],к; в (куда)
in,[ин],в (где)
on,[он],на
under,[Aндэр],под
behind,[бихAйнд],позади
with,[уиз],с
without,[уизAут],без
in front of,[ин франт ов],перед
before,[бифO:р],до
after,[Aфтэр],после
between,[битуИ:н],между
near,[нИэ],"возле, около; близко"
for,[фо:р],для; на (такое-то время)
since,[синс],с (такого-то времени и поныне)
during,[дъЮринг],во время
around,[эрAунд],вокруг
because of,[бикО:з ов],из-за
about,[эбАут],"о; около, приблизительно"
against,[эгЭйнст],против
among,[эмАнг],среди
through,[сру:],через
per,[пё:р],(километров) в (час)
above,[эбАв],"над, выше"
below,[билОу],"под, ниже"
number,[нАмбэр],число; количество; номер
zero,[зИэроу],ноль
one,[уан],один
two,[ту:],два
three,[сри:],три
four,[фо:р],четыре
five,[файв],пять
six,[сикс],шесть
seven,[сЭвэн],семь
eight,[эйт],восемь
nine,[найн],девять
ten,[тэн],десять
eleven,[илЭвн],одиннадцать
twelve,[туэлв],двенадцать
thirteen,[сЁ:ртИ:н],тринадцать
fourteen,[фO:ртИ:н],четырнадцать
fifteen,[фИфтИ:н],пятнадцать
sixteen,[сИкстИ:н],шестнадцать
seventeen,[сЭвэнтИ:н],семнадцать
eighteen,[ЭйтИ:н],восемнадцать
nineteen,[нAйнтИ:н],девятнадцать
twenty,[туЭнти],двадцать
thirty,[сЁ:ти],тридцать
forty,[фO:рти],сорок
fifty,[фИфти],пятьдесят
sixty,[сИксти],шестьдесят
seventy,[сЭвэнти],семьдесят
eighty,[Эйти],восемьдесят
ninety,[нAйнти],девяносто
hundred,[хАндрид],сто
thousand,[сAузэнд],тысяча
first,[фё:рст],первый; сначала
second,[сЭкэнд],второй; секунда
third,[сё:рд],третий
fourth,[фо:рс],четвертый
fifth,[фифс],пятый
color,[кАлэр],цвет
black,[блэк],чёрный
blue,[блу:],голубой; синий
brown,[брАун],коричневый
green,[гри:н],зелёный
grey,[грэй],серый
red,[рэд],красный
white,[уайт],белый
yellow,[йEлоу],жёлтый
pink,[пинк],розовый
purple,[пё:рпл],фиолетовый; пурпурный
old,[Oулд],старый
young,[янг],молодой
new,[нъю:],новый
big,[биг],большой
large,[ла:рдж],"большой, просторный"
huge,[хъюдж],огромный
small,[смо:л],маленький
fat,[фэт],"толстый, жирный; жир"
slim,[слим],"тонкий, стройный"
thick,[сик],толстый; густой
thin,[син],тонкий
hungry,[хAнгри],голодный
full,[фул],сытый; полный
good,[гуд],хороший; добрый
excellent,[Эксэлэнт],"отличный, великолепный"
amazing,[эмЭйзинг],удивительный
fine,[файн],прекрасный; штраф; штрафовать
bad,[бэд],плохой
terrible,[тЭрибл],ужасный
nasty,[нЭсти],противный
early,['Ёли],ранний; рано
late,[лэйт],поздний; поздно
last,[ла:ст],"последний, прошлый"
next,[нэкст],следующий
free,[фри:],свободный; бесплатный
busy,[бИзи],занятый
hot,[хот],жаркий; горячий
warm,[уо:рм],тёплый; тепло
cold,[кOулд],холодный; холод; простуда
cool,[ку:л],прохладный; прохладно; круто; охлаждать(ся)
spicy,[спAйси],острый (по вкусу)
sharp,[ша:рп],острый (не тупой)
blunt,[блант],"тупой (нож, человек)"
stupid,[ступид],глупый
clever,[клЭвэр],умный
smart,[сма:рт],умный; нарядный
nice,[найс],"красивый, приятный"
beautiful,[бъЮ:тэфэл],красивая (о женщине)
handsome,[хЭнсэм],красивый (о мужчине)
attractive,[этрЭктив],привлекательный
pretty,[прИти],симпатичный
ugly,[Агли],уродливый
high,[хай],высокий
tall,[то:л],высокий (о росте)
short,[шо:рт],короткий; низкий (о росте)
low,[лОу],низкий; низко
long,[лонг],длинный; долгий
heavy,[хЭви],тяжёлый
light,[лайт],лёгкий; светлый; свет
difficult,[дИфикалт],"трудный, тяжелый"
easy,[И:зи],"легкий, нетрудный"
simple,[симпл],простой
dark,[да:рк],тёмный
expensive,[икспЭнсив],дорогой (по цене)
dear,[дИэр],"дорогой, милый"
cheap,[чи:п],дешёвый
poor,[пУэр],бедный; плохой
rich,[рич],богатый
straight,[стрэйт],прямой; прямо
left,[лэфт],левый; cлева; налево
right,[райт],"правый; правильный; справа; направо"
wrong,[ронг],неправильный
fast,[фаст],"быстрый, быстро"
quick,[куик],"быстрый, скорый"
slow,[слOу],медленный
soft,[софт],мягкий; нежный
hard,[ха:рд],"твёрдый; трудный; усердно"
sad,[сэд],печальный
glad,[глэд],радостный
happy,[хЭппи],счастливый
merry,[мЭри],веселый
kind,[кайнд],"добрый; вид, тип"
angry,[Энгри],сердитый
evil,[И:вэл],злой; зло
polite,[пэлАйт],вежливый
rude,[ру:д],грубый
gentle,[джэнтл],нежный
brave,[брэйв],смелый
coward,[кАуэрд],трусливый
shy,[шай],застенчивый
hard-working,[ха:рд уО:ркинг],трудолюбивый
lazy,[лЭйзи],ленивый
useful,[Ю:сфэл],полезный
useless,[Ю:слис],бесполезный
strong,[стронг],сильный
weak,[уИ:к],слабый
loud,[лАуд],громкий
noisy,[нОйзи],шумный
quiet,[куАйэт],тихий
calm,[ка:м],спокойный; успокаивать
narrow,[нЭроу],узкий
wide,[уАйд],широкий
clean,[кли:н],"чистый; чистить"
dirty,[дЁ:рти],грязный
tired,[тАйэрд],усталый
honest,[Онист],честный
comfortable,[кАмфэртэбэл],комфортный
strange,[стрэйндж],странный; чужой; незнакомый
weird,[уИэрд],странный
own,[Оун],собственный; владеть
tasty,[тЭйсти],вкусный
delicious,[дилИшес],очень вкусный
bitter,[бИтэр],горький
sour,[сАуэр],кислый
salty,[сО:лти],соленый
ready,[рЭди],готовый
careful,[кЭэфул],внимательный; осторожный
main,[мэйн],"основной, главный"
able,[эйбл],способный
necessary,[нЭсэсэри],необходимый
important,[импО:ртэнт],важный
sure,[шУэ],уверенный
fit,[фит],соответствовать
better,[бЭтэр],лучше; более хороший
best,[бэст],лучший
worse,[уо:рс],хуже; более плохой
worst,[уо:рст],худший
more,[мо:р],больше (по количеству); еще (больше)
most,[мОуст],наибольший; больше всего
less,[лэс],меньше (по количеству); менее
least,[ли:ст],наименьший; меньше всего
sometimes,[сАмтаймз],иногда
never,[нЭвэр],никогда
seldom,[сЭлдом],редко
usually,[Ю:жу:эли],обычно
often,[Оф(т)эн],часто
always,[O:лвэйз],всегда
soon,[су:н],скоро
recently,[рИ:сэнтли],недавно
well,[уЭл],хорошо; колодец
far,[фа:р],далеко
exactly,[игзЭктли],точно
probably,[прOбэбли],вероятно
maybe,[мЭйби],может быть
perhaps,[пёрхЭпс],"возможно, может быть"
really,[рИэли],"действительно, правда?"
of course,[ов кО:с],конечно!
certainly,[сЁ:тэнли],"конечно, безусловно"
obviously,[Обвиэсли],очевидно
especially,[испЭшэли],особенно
yes,[йес],да
no,[нOу],нет
not,[нот],не
this,[зис],этот
that,[зэт],что; тот; который
these,[зи:з],эти
those,[зОуз],те
many,[мЭни],много (+ слово во множественном числе)
much,[мач],много (+ слово в единственном числе)
few,[фъю:],мало (+ слово во множественном числе)
little,[литл],мало (+ слово в единственном числе); маленький
some,[сам],несколько; немного
any,[Эни],несколько; немного; любой
somebody,[сАмбоди],кто-то
anybody,[Энибоди],кто-то; все
nobody,[нОубоди],никто
something,[сАмсинг],что-то
anything,[Энисинг],"что-то, ничто, всё"
nothing,[насинг],ничто
here,[хИэ],здесь; сюда
there,[зЭэ],там; туда
now,[нAу],"сейчас, теперь"
again,[эгЭйн],"снова, опять"
then,[зэн],потом; тогда
than,[зЭн],чем (при сравнении)
already,[о:лрЭди],уже
just,[джаст],"только что; справедливый"
still,[стил],(всё) еще
yet,[йет],еще (не)
almost,[O:лмоуст],почти
several,[сЭвэрэл],несколько
very,[вЭри],очень
every,[Эври],каждый
each,[и:ч],каждый (по отдельности)
an other,[(эн)Азэр],другой
all,[о:л],все; всё; весь
such,[сач],такой
so,[сOу],так; таким образом; поэтому
up,[ап],вверх
down,[дАун],вниз
together,[тугЭзэр],вместе
forward,[фО:р'уэрд],вперед; передний
even,[И:вэн],даже
enough,[инAф],достаточно
also,[О:лсоу],также
too,[ту:],тоже; слишком
only,[Оунли],только
and,[энд],и
or,[о:р],или
but,[бат],но
however,[хауЭвэр],однако
because,[бикО:з],"потому что, так как"
if,[иф],если
al though,[о:л зОу],хотя
be,[би:],"быть, являться"
do,[ду:],делать (действовать)
have,[хэв],иметь
can,[кэн],мочь (быть в состоянии)
may,[мэй],мочь (иметь разрешение)
go,[гOу],идти; ехать
find,[файнд],находить
hold,[хOулд],держать
stand,[стэнд],стоять; стенд
sit,[сит],сидеть
hear,[хИэ],слышать
win,[уин],побеждать
get,[гет],получать
make,[мэйк],делать (изготовлять)
come,[кам],"приходить, приезжать"
become,[бикАм],становиться
run,[ран],бежать
see,[си:],видеть
write,[райт],писать
fall,[фо:л],падать
wear,[уЭэр],носить (одежду); одежда
take,[тэйк],брать
give,[гив],давать; дарить
forgive,[фэргИв],прощать
forget,[форгЭт],забывать
eat,[и:т],кушать
lie,[лай],лежать; лгать; ложь
lead,[ли:д],вести
feed,[фи:д],кормить
say,[сэй],сказать
pay,[пэй],платить
lay,[лэй],класть; накрывать (на стол)
drink,[дринк],пить
swim,[суим],плавать
sing,[сИнг],петь
begin,[бигИн],начинать
ring,[ринг],"звенеть; кольцо"
sink,[синк],тонуть; опускаться; раковина
stink,[стинк],вонять; вонь
fly,[флай],летать; муха
know,[нОу],знать
draw,[дро:],"рисовать, чертить; тащить"
throw,[срOу],"кидать, бросать"
grow,[грОу],"расти, выращивать"
blow,[блОу], дуть; взрывать; удар
speak,[спи:к],разговаривать
choose,[чу:з],выбирать
wake,[уэйк],будить
break,[брэйк],ломать
show,[шОу],показывать
cut,[кат],резать
put,[пут],"помещать, ставить, класть"
cost,[кост],стоить
let,[лет],позволять
shut,[шат],закрывать
hit,[хит],ударять
read,[ри:д],читать
send,[сэнд],посылать
spend,[спэнд],проводить (время); тратить
lend,[лэнд],одолжить
build,[билд],строить
feel,[фи:л],чувствовать
meet,[ми:т],встречать
sleep,[сли:п],спать
keep,[ки:п],"хранить, держать"
leave,[ли:в],покидать; оставлять
buy,[бай],покупать
bring,[бринг],"приносить, привозить"
teach,[ти:ч],обучать
think,[синк],думать
fight,[файт],"бороться, драться; борьба"
catch,[кэч],ловить; подхватить (болезнь)
must,[маст],быть должным
should,[шуд],быть должным (следует)
will,[уил],для образования буд. времени
be afraid of,[би: эфрЭйд ов],бояться
be interested in,[би: Интристид ин],интересоваться
be surprised,[би: сёпрАйзд],удивляться
have to,[хэв ту],"быть должным, вынужденным"
get up,[гэт ап],вставать
put on,[пут он],надевать
take off,[тэйк ов],снимать (одежду)
live,[лив],жить
work,[уо:рк],работать; работа
watch,[уотч],наблюдать; наручные часы
wash,[уош],"мыть, cтирать"
shave,[шэйв],брить
try,[трай],"пытаться, пробовать"
celebrate,[сЭлибрэйт],праздновать
smile,[смайл],улыбаться; улыбка
laugh,[лаф],смеяться
cry,[край],"плакать, кричать"
learn,[лё:рн],учить(ся)
study,[стАди],учиться (в вузе); изучать
change,[чэйндж],"(из)менять; переодеваться; сдача, мелочь"
listen,[лисн],слушать
close,[клOуз],закрывать
open,[Oупэн],открывать; открытый
dance,[да:нс],танцевать
ask,[а:ск],спрашивать; просить
answer,[A:нсэр],отвечать; ответ
collect,[кэлЭкт],собирать
want,[уонт],хотеть
like,[лайк],"нравиться, любить"
cook,[кук],готовить
bake,[бэйк],печь
smell,[смэл],пахнуть; нюхать; запах
wait,[уэйт],ждать
expect,[икспЭкт],ожидать
thank,[сэнк],благодарить
play,[плэй],"играть; спектакль, пьеса"
call,[ко:л],звать; звонить
walk,[уо:к],гулять; идти пешком
smoke,[смОук],курить; дым
wish,[уИш],желать; желание
excuse,[икскъюз],извинение
shout,[шАут],кричать; крик
dream,[дри:м],мечтать; мечта; сон
hope,[хОуп],надежда
remember,[римЭмбэр],(за)помнить; вспомнить
remind,[римАйнд],напоминать
enjoy,[инджОй],наслаждаться
carry,[кЭри],нести
explain,[иксплЭйн],объяснять
stay,[стэй],останавливаться (в гостинице)
rest,[рэст], отдыхать; отдых
turn,[тё:рн],"повернуть; поворот; очередь, черед"
lift,[лифт],поднимать(ся); лифт
believe,[билИ:в],верить
receive,[рисИ:в],получать
help,[хэлп],помогать; помощь
order,[О:рдэр],заказывать; приказывать; порядок
visit,[вИзит],"посещать; визит"
check,[чэк],проверять; проверка; чек
jump,[джамп],прыгать; прыжок
travel,[трЭвэл],путешествовать; путешествие
talk,[то:к],разговаривать; разговор
decide,[дисАйд],принимать решение
solve,[солв],решать (проблему); растворять
drop,[дроп],"ронять, снижение"
agree,[эгрИ:],соглашаться
save,[сэйв],спасать; сохранять
argue,[A:ргъю],спорить
count,[кАунт],подсчитывать
surprise,[сё:рпрАйз],удивлять; сюрприз
worry,[уОри],беспокоить(ся); беспокойство
joke,[джOук],шутить; шутка
move,[му:в],двигать(ся); переезжать
match,[мэтч],"соответствовать; матч; спичка"
die,[дай],умирать
influence,[Инфлуэнс],влиять; влияние
support,[сэпО:рт],поддерживать; поддержка
describe,[дискрАйб],описывать
punish,[пАниш],наказывать
intend,[интЭнд],намереваться
complain,[комплЭйн],жаловаться
avoid,[эвОйд],избегать
return,[ритЁ:рн],"возвращать(ся); возврат, возвращение"
disturb,[дистЁ:рб],"беспокоить, мешать"
provide,[провАйд],обеспечивать
offer,[Офэр],предлагать; предложение
introduce,[интрэдЮс],знакомить
persuade,[пёcуЭйд],убеждать
approve,[эпрУ:в],одобрять
appreciate,[эпрИ:шиэйт],ценить; быть признательным